{"cameraMode":{"drawMode":0,"name":"Shaded","section":"Shading Mode"},"sceneLighting":false,"audioPlay":false,"sceneViewState":{"showFog":true,"showMaterialUpdate":false,"showSkybox":true,"showFlares":true,"showImageEffects":true,"showParticleSystems":true},"in2DMode":false,"pivot":{"x":-0.3999018669128418,"y":1.5110106468200684,"z":-0.6576666831970215},"rotation":{"x":-0.1923578977584839,"y":0.6490628719329834,"z":-0.1746188849210739,"w":-0.7149994373321533},"size":2.8578836917877199,"orthographic":false}